Hash,Sequence
681d3b441ca014e31c3d7969611dd27e7a9ed2ce,TTTAAGTAGTGTTCAAGCTCACTCAGGGCCTTCGGTTGACTTAGCTATTTTTTCATTACATTTAGCCGGTGCTTCGTCTATTTTAGGCGCTATTAATTTTATTACAACTATTTTTAACATGCGAGCTCCCGGTATGTCAATGCATCGTTTACCTCTGTTTGTTTGGTCGGTTTTAATTACAGCGTTTTTATTGCTATTATCCTTACCCGTTTTAGCCGGGGCAATTACTATGTTACTAACTGATCGAAATTTTAACACCACTTTTTTTGATCCTGCCGGTGGTGGTGACCCTGTACTTTACCAACATCTTTTT
ed982d6ebbcbccadbdb89e59ae14bbaaafc00957,GTTGTCTTCAATTGAAAGTCATTCTGGTGGTTCGGTAGATTTAGCTATTTTTAGCTTACATTTAGCAGGTGCTTCATCTATATTAGGAGCGATGAATTTTATTACTACTGTAATAAATATGAGATCTCCTGGTTTAGAAATGCACCGTATACCTCTATTTGTGTGAGCAGTGTTTATTACAGCAATTTTATTATTATTATCATTACCTGTTTTAGCAGGAGCAATTACAATGTTATTAACTGATAGAAACTTTAATACTACATTTTTTGATCCTGCAGGTGGCGGAGATCCGATTTTATATCAACATTTATTT
0c4f598f0c798dc684f06db3f86e0968f8a3c7d5,TTTATCTGGTATTCAAGCGCATTCTGGTGGTTCTGTAGATTTAGCTATCTTTAGTTTACATTTAGCAGGTGCTTCTTCATTATTAGGTGCAATTAATTTTATAACTACTATTTTTAATATGAGAGCTCCTAATTTAGAAATGCATAAGTTACCTTTATTTGTTTGAGCAGTTTTAATAACAGCATTTTTATTATTATTATCTTTACCTGTGTTAGCGGGTGCTATAACTATGCTATTAACCGATAGAAATTTTAACACTACTTTCTTTGATCCAGCAGGTGGTGGAGATCCTATTTTATATCAACATTTGTTT
821992cc6efa74ec34fa2338e648de3faaa080c8,TCTATCCGGCAATGTAGCTCATAGGGGTGGTTCTGTAGATTATGGAATTTTCTCTCTCCATCTAGCGGGTGTTTCGTCAATTTTAGGTGCAATTAATTTTTTAGCAACTACGGTAAATATACGCCCAGAAATTATAGAATTTAAGCGTGTAACCTTATTTGTGTGGTCTGTTGCAATTACGGCATTTTTGTTGGTAGTTGCGATACCTGTGTTAGCAGGGGCTATTACGATGCTTTTAACTGATCGAAATTTTAACACTTCTTTCTTTGACCCTTCTGGAGGGGGGGACCCCATTCTATTTGTGCATTTGTTT
a3b7c19d217d63e98dbed1bfd1c083f61675637b,GCTATCTGCTTGATTAGGACACCCTGCTCCGGCAATAGAATTTATAATTCTAGGATTGCACATTGCTGGTATATCTTCTATTTTTGCAAGGATTAATTTTGTAACTACAGGTGCTAATATGCGGCCTGAAGGGGTAGCTCCTCAGCGGACTACCCTTTTTGTGGTTTCAGTTGTTATTACATCATTTTTGCTAGTAGTAGCTATGCCGGTATTAGCAGCTGGGTTGACTATGCTTTTAACTGACCGGAATTTTAATACTTCTTTTTTTGACCCTGTTGGTGGTGGGGATCCTGTTTTATTTATCCATTTGTTT
b46b3d210990cbd6825b2605cf8e8a53219b32b4,TTTATCTAGAAACCTTGCACATGCTGGCCCTTCTGTTGATTTAGCCATTTTTTCCCTACACTTAGCAGGTATTTCATCTATCCTAGGTGCTATTAACTTTATTACCACAGTAGCTAATATACGATGAAAAGGACTACGATTAGAACGTCTACCACTATTTGTTTGAGCGGTTAATATTACTGTAGTTCTACTTCTTCTTTCCCTACCTGTTTTAGCAGGAGCTATTACTATACTATTAACAGACCGTAACGTTAATACTTCTTTCTTTGACCCAGCCGGAGGAGGAGACCCCATCCTATACCAACATTTATTC
ecf90daedebf8ee2b2a13113904910638004418e,TTTATCTAGAAACCTTGCACATGCTGGCCCTTCTGTTGATTTAGCCATTTTTTCCCTACACTTAGCAGGTATTTCATCTATCCTAGGTGCTATTAACTTTATTACTACAGTAGCTAATATACGATGAAAAGGACTACGATTAGAACGTCTACCACTATTTGTTTGAGCGGTTAATATTACTGTAGTTCTACTTCTTCTTTCCCTACCTGTTTTAGCAGGAGCTATTACTATACTATTAACAGACCGTAACGTTAATACTTCTTTCTTCGACCCCGCCGGAGGAGGAGACCCCATCCTATACCAACATTTATTC
f14b20a1ea5d738db0393ce8b11b6575947da0ed,TCTATCTGGCAATGTAGCTCATAGGGGTGGTTCTGTAGATTATGGAATTTTCTCTCTCCATCTAGCGGGTGTTTCGTCAATTTTAGGTGCAATTAATTTTTTAGCAACTACGGTAAATATACGCCCAGAAATTATAGAATTTAAGCGTGTAACCTTATTTGTGTGGTCTGTTGCAATTACGGCATTTTTGTTGGTAGTTGCGATACCTGTGTTAGCAGGGGCTATTACGATGCTTTTAACTGATCGAAATTTTAACACTTCTTTCTTTGACCCTTCTGGAGGGGGAGACCCCATTCTATTTGTGCATTTGTTT
9c62538c0c296d9135f79683f749e27647814c8f,TCTATCCGGCAATGTAGCTCATAGGGGTGGTTCTGTAGATTATGGAATTTTCTCTCTCCATCTAGCGGGTGTTTCGTCAATTTTAGGTGCAATTAATTTTTTAGCAACTACGGTAAATATACGCCCAGAAATTATAGAATTTAAGCGTGTAACCTTATTTGTGTGGTCTGTTGCAATTACGGCATTTTTGTTGGTAGTTGCGATACCTGTGTTAGCAGGGGCTATTACGATGCTTTTAACTGATCGAAATTTTAACACTTCTTTCTTTGACCCTTCTGGAGGGGGAGACCCCATTCTATTTGTGCATTTGTTT
299a3beb263e92cd8a1650f51eae2919f77961b7,TTTGTCGTCTACTCCATATCACGGAGATATCTGTACGGATATGGTAATTTTAGGGTTGCACTTGTCTGGGGTTAGTTCTACTGCTGGGGCAATTAATTATCTAGTTACTTTTTTGAATATGCGAGGTAAGTCTTACAAGGCAGAGTTTTGTCCTCCTTTTGTTTGGGCCTTGGCCGTGACGAGGTTTTTATTGATGATGTCTATCCCTGTTTTGGCTGGGGGGTTAACTATGTTGATCATAGATCGTCACTTTAATTGTACTTTTTTTGATCCGTCTGGGGGGGGAGACCCTGTTTTGTTTCAACACCTTTTC
a111e09d3b9718208a4185b51c9ce5362d4763f0,TTTAGCTTCTAATATTGCTCATAGAGGGGCTTCTGTTGATATGGCTATTTTTTCTCTTCATTTAGCTGGTGCTTCTTCTATTTTGGGGGCTATCAATTTTTTAACTACTGTTTTTAACATGCGTTTTTTCTCTATAACTTTTGTTCGTATTTCATTGTTTGTTTGGTCTGTATTTATTACTGCATTATTACTTTTATTATCTTTACCTGTGTTAGCAGGAGCTATTACTATATTATTGACTGATCGAAATTTAAATACTAGGTTTTTTGATCCGGCTGGAGGGGGTGATCCTATTCTTTTTCAGCATCTTTTT
